PARTNER,TYPE,CODE,ORDER
Callista Vacation Rentals,Vacayzen New Wave,WC62RF,55491
Callista Vacation Rentals,Vacayzen New Wave,D95CS,52713
Callista Vacation Rentals,Vacayzen New Wave,IB40WMA1,49148
Callista Vacation Rentals,Vacayzen New Wave,SB87GL,45200
Callista Vacation Rentals,Vacayzen New Wave,SB259LL,1028
Callista Vacation Rentals,Vacayzen New Wave,SB43TT,1034
Callista Vacation Rentals,Vacayzen New Wave,SB58CR,48333
Callista Vacation Rentals,Vacayzen New Wave,SB77CR,46312
Callista Vacation Rentals,Vacayzen New Wave,SB70SL,29106
Callista Vacation Rentals,Vacayzen New Wave,SB129AS,53403
Callista Vacation Rentals,Vacayzen New Wave,SBWH101,49167
Callista Vacation Rentals,Vacayzen New Wave,SBWH102,9364
Callista Vacation Rentals,Vacayzen New Wave,SB59ESW,54701
Callista Vacation Rentals,Vacayzen New Wave,SB56SF,1036
Callista Vacation Rentals,Vacayzen New Wave,SB29BCL,1029
Callista Vacation Rentals,Vacayzen New Wave,SBMRB101,1046
Callista Vacation Rentals,Vacayzen New Wave,PM14WCH,49097
Callista Vacation Rentals,Vacayzen New Wave,PM24WCH,49146
Callista Vacation Rentals,Vacayzen New Wave,WC84ERF,48335
Callista Vacation Rentals,Vacayzen New Wave,SB124RL,58178
XPLORIE,2022 Vacayzen TAXI,30A BH 33 Sunset,50813
XPLORIE,2022 Vacayzen TAXI,30A BH Whatcha Dune,50943
XPLORIE,2022 Vacayzen TAXI,30A BH Beach Ready,50815
XPLORIE,2022 Vacayzen TAXI,30A BH Casa Brisa,50809
XPLORIE,2022 Vacayzen TAXI,30A BH Mira Bella,50821
XPLORIE,2022 Vacayzen TAXI,30A Beach House - The Salty Blue,50808
XPLORIE,2022 Vacayzen TAXI,30A BH The Snazzy Crab,50930
XPLORIE,2022 Vacayzen TAXI,30A BH Summerwind,50921
XPLORIE,2022 Vacayzen TAXI,30A BH Summer Lovin,50918
XPLORIE,2022 Vacayzen TAXI,30A BH Lotus by the Sea,50819
XPLORIE,2022 Vacayzen TAXI,30A BH Turquoise Turtle,50931
XPLORIE,2022 Vacayzen TAXI,30A BH Pirates Smile,50822
XPLORIE,2022 Vacayzen TAXI,30A BH Stillwater Cottag,50916
XPLORIE,2022 Vacayzen TAXI,30A BH Walking Sunshine,50941
XPLORIE,2022 Vacayzen TAXI,Magnolia Brown Pelican,50956
XPLORIE,2022 Vacayzen TAXI,Magnolia Cottages - Paradise Pool,50961
XPLORIE,2022 Vacayzen TAXI,Magnolia Shore Thing,50985
XPLORIE,2022 Vacayzen TAXI,Magnolia White Flamingo,50988
XPLORIE,2022 Vacayzen TAXI,Magnolia Connecticut Yan,50959
XPLORIE,2022 Vacayzen TAXI,Magnolia Land of Ahhhs,50978
Paradise Properties,Generic New Wave,Turtle Watch,58525
Paradise Properties,Generic New Wave,Surfer Dog,58527
Paradise Properties,Generic New Wave,Cool Breeze,58521
Paradise Properties,Generic New Wave,Villa St John + Carriage House,58973
Paradise Properties,Generic New Wave,Villa St John,58517
Paradise Properties,Generic New Wave,Villa St John Carriage House,58520
Paradise Properties,Generic New Wave,Key Lime Pie,58533
Paradise Properties,Generic New Wave,Nifty Shades of Gray,58523
Paradise Properties,Generic New Wave,Magnolia Manor,58496
Paradise Properties,Generic New Wave,Ciao Bella,58536
Paradise Properties,Generic New Wave,The Pool House,58538
Paradise Properties,Generic New Wave,Sandy Cheeks,58526
Paradise Properties,Generic New Wave,Mare e Sole,59607
Paradise Properties,Generic New Wave,Eastern Shores - 206,58539
Paradise Properties,Generic New Wave,Big Beach Camp,58531
Paradise Properties,Generic New Wave,Good For You,58540
Paradise Properties,Generic New Wave,Summer Wind,58530
Paradise Properties,Generic New Wave,La Luna,58541
Paradise Properties,Generic New Wave,Sea La Vie- WaterColor,58529
Paradise Properties,Generic New Wave,Breakers,58535
"360 Blue, LLC",Yellow 360 YOLO,D44TL,47177
"360 Blue, LLC",Yellow 360 YOLO,MB84SS,47392
"360 Blue, LLC",Yellow 360 YOLO,D4659DW,48620
"360 Blue, LLC",Yellow 360 YOLO,BM143SWD,48909
"360 Blue, LLC",Yellow 360 YOLO,SG235LVL,28230
"360 Blue, LLC",Yellow 360 YOLO,WC160ERF,48304
"360 Blue, LLC",Yellow 360 YOLO,SG498EL,49099
"360 Blue, LLC",Yellow 360 YOLO,SG169BS,49100
"360 Blue, LLC",Yellow 360 YOLO,WC85-303,49143
"360 Blue, LLC",Yellow 360 YOLO,GB183MS,49316
"360 Blue, LLC",Yellow 360 YOLO,SG69LO,49151
"360 Blue, LLC",Yellow 360 YOLO,SS201ERP,49127
"360 Blue, LLC",Yellow 360 YOLO,SG4124EC,49399
"360 Blue, LLC",Yellow 360 YOLO,BM145BS,49540
"360 Blue, LLC",Yellow 360 YOLO,BM44GRB,49543
"360 Blue, LLC",Yellow 360 YOLO,SG40TD,49557
"360 Blue, LLC",Yellow 360 YOLO,WC20-301,49563
"360 Blue, LLC",Yellow 360 YOLO,SG2647EC,49774
"360 Blue, LLC",Yellow 360 YOLO,SG41DW,49776
"360 Blue, LLC",Yellow 360 YOLO,SG69HS,45206